id;created_at;updated_at;validated_at;status;zip_code;city;street_number;street_name;complementary;first_name;last_name
1;2021-09-09;2021-09-10;2021-09-09;PAYED;7105;West Bathildefurt;5;Constant Saint-Dominique;bypassing;Gaston;Carre
2;2021-09-09;2021-09-09;2021-09-09;PAYED;89669;Lake Éleuthère;Advanced;Lopez de Nesle;navigating;Marie;Sanchez
3;2021-09-10;2021-09-09;2021-09-09;PAYED;47699;Chambéry;Lilangeni c Home;Rosalie Saint-Dominique;experiences bypassing needs-based;Xavière;Giraud
4;2021-09-09;2021-09-09;2021-09-10;PAYED;39341;Valérystad;program transmit HTTP;Morin Joubert;alarm Dinar Bacon;Pénélope;Perrin
5;2021-09-10;2021-09-09;2021-09-10;FAILED;38621;Lake Constancemouth;COM;Lopez d'Assas;Cambridgeshire;Jason;Laurent
6;2021-09-09;2021-09-09;2021-09-09;PROCESSING;39643;Béziers;Gold;Amalthée Saint-Séverin;Computers CSS;Hervé;Roussel
7;2021-09-09;2021-09-09;2021-09-09;PROCESSING;47699;Chambéry;Lilangeni c Home;Rosalie Saint-Dominique;experiences bypassing needs-based;Xavière;Giraud
8;2021-09-09;2021-09-09;2021-09-09;PROCESSING;09937;Lacroixstad;calculating calculate multi-tasking;Chevalier Zadkine;disintermediate Architecte Gloves;Cassandre;Fournier
9;2021-09-10;2021-09-09;2021-09-09;PROCESSING;87293;Saint-Pierre;Fresh state Savings;Longin du Faubourg Saint-Honoré;parse Luxembourg;Argine;Fernandez
10;2021-09-09;2021-09-10;2021-09-09;PROCESSING;31812;South Oger;grow orchid Leone;Mathieu de l'Odéon;Guilder;Gustave;Dupuy
